{
  "project_info": {
    "project_number": "506076889772",
    "project_id": "minibites-91bf9",
    "storage_bucket": "minibites-91bf9.appspot.com"
  },
  "client": [
    {
      "client_info": {
        "mobilesdk_app_id": "1:506076889772:android:bcec5b953f167de2975509",
        "android_client_info": {
          "package_name": "com.example.ecommerce_app"
        }
      },
      "oauth_client": [],
      "api_key": [
        {
          "current_key": "AIzaSyAl5VoK3OSx3C6pHgxhVZzupYiPeABHygY"
        }
      ],
      "services": {
        "appinvite_service": {
          "other_platform_oauth_client": []
        }
      }
    },
    {
      "client_info": {
        "mobilesdk_app_id": "1:506076889772:android:4fa2b44b48cdf98c975509",
        "android_client_info": {
          "package_name": "com.example.minibites"
        }
      },
      "oauth_client": [],
      "api_key": [
        {
          "current_key": "AIzaSyAl5VoK3OSx3C6pHgxhVZzupYiPeABHygY"
        }
      ],
      "services": {
        "appinvite_service": {
          "other_platform_oauth_client": []
        }
      }
    }
  ],
  "configuration_version": "1"
}