{
  "flutter": {
    "platforms": {
      "android": {
        "default": {
          "projectId": "minibites-91bf9",
          "appId": "1:506076889772:android:4fa2b44b48cdf98c975509",
          "fileOutput": "android/app/google-services.json"
        }
      },
      "dart": {
        "lib/firebase_options.dart": {
          "projectId": "minibites-91bf9",
          "configurations": {
            "android": "1:506076889772:android:4fa2b44b48cdf98c975509",
            "ios": "1:506076889772:ios:504e7239cb71f813975509",
            "web": "1:506076889772:web:c9a3c17125880c8e975509",
            "windows": "1:506076889772:web:2004b96449717574975509"
          }
        }
      }
    }
  },
  "functions": [
    {
      "source": "functions",
      "codebase": "default",
      "ignore": [
        "node_modules",
        ".git",
        "firebase-debug.log",
        "firebase-debug.*.log",
        "*.local"
      ],
      "predeploy": [
        "npm --prefix \"$RESOURCE_DIR\" run lint"
      ]
    }
  ]
}
